Number of active threads,Average HTTP Request,HTTP Request
25,,716.7916666666667
50,,1474.481012658228
75,,2171.6373626373625
91,,2058.8571428571427
100,,2433.4000000000015
101,,13886.0
104,,14087.26923076923
125,,3514.74358974359
149,4571.860327570525,
150,,4669.912790697675
175,,4147.901477832511
200,,4423.635467980293
225,,5270.972375690609
250,,4833.959016393446
