Number of active threads,Average HTTP Request,HTTP Request
25,,40.2283747997544
50,,41.136991092029255
75,,40.29484431915375
91,,46.211850845064
100,,42.03498928768741
101,,7.438462418354189
104,,8.46533764357887
125,,36.56234494505744
149,46.79461515734353,
150,,32.21872734200792
175,,42.279409890035055
200,,45.32667723730529
225,,43.050818930468154
250,,94.00025197812643
