Number of active threads,Average HTTP Request,HTTP Request
25,,572.6538461538464
50,,820.1320754716979
75,,1250.828877005347
100,,1189.0772727272733
125,,1452.0108303249096
143,,16380.223776223782
150,,1958.7908496732034
175,2830.84104370902,2024.5363984674325
200,,2012.3911845730026
225,,2465.4337748344365
250,,2889.027956989245
