Number of active threads,Average HTTP Request,HTTP Request
25,,352.1149413340177
50,,686.0874459776212
75,,1257.175236235278
100,,1316.238635785252
125,,790.6924612645541
143,,30.683251232476074
150,,427.9723784134569
175,459.57384215117395,300.83557226862496
200,,386.5071755268924
225,,246.63559876022896
250,,214.75736775880281
