Number of active threads,Average HTTP Request,HTTP Request
25,,333.5652173913044
31,,15349.5
50,,750.5468277945616
75,,853.5836575875485
100,,1696.0061919504644
125,,1444.5415384615385
150,,2230.098837209301
152,2463.67139295215,2094.6666666666665
175,,2338.430136986303
200,,3278.394636015326
225,,2644.784194528876
250,,3655.2619047619055
