Number of active threads,Average HTTP Request,HTTP Request
25,,80.92851436366065
31,,58.59950215032048
50,,79.53623119691791
75,,315.1009075266825
100,,208.10527324232913
125,,149.4826694130627
150,,124.31334485358454
152,122.83341706950705,78.97677910887951
175,,112.78823251607402
200,,67.49668795120907
225,,110.9343933430589
250,,107.81764709657816
