Number of active threads,Average HTTP Request,HTTP Request
25,,686.3559322033897
50,,1461.7547169811323
75,,2025.5165562913908
100,,3105.415094339622
125,,3839.6062992125985
143,4947.540774719667,10900.0
150,,4325.7243589743575
170,,5866.285714285715
175,,4911.6466666666665
200,,3864.2352941176505
203,,7458.5
225,,5719.445783132532
250,,11417.793650793641
