Number of active threads,Average HTTP Request,HTTP Request
25,,48.74985763045957
50,,46.79369268747558
75,,39.77992513854735
100,,32.76668927593582
125,,32.6837947210453
143,42.3680006336153,13.119266055045872
150,,34.81433428610247
170,,37.65951658902775
175,,35.84479576306341
200,,101.59372179216699
203,,36.754315029140905
225,,62.98160355138611
250,,27.624533528113147
